{"cameraMode":{"drawMode":0,"name":"Shaded","section":"Shading Mode"},"sceneLighting":true,"audioPlay":false,"sceneViewState":{"showFog":true,"showMaterialUpdate":true,"showSkybox":true,"showFlares":true,"showImageEffects":true,"showParticleSystems":true},"in2DMode":false,"pivot":{"x":-3.4542770385742189,"y":-12.760336875915528,"z":-8.848572731018067},"rotation":{"x":0.23244448006153108,"y":-0.6883687973022461,"z":0.2499479353427887,"w":0.6401054263114929},"size":34.974571228027347,"orthographic":false}